well_id,date,pressure_out,temperature,vibration,oil_flow_rate,downtime_hours,energy_kwh,oil_ton,downtime_ratio,efficiency,field_name,operator
1,2024-01-01,129.6982249677743,82.40256851574549,2.2093157810417665,9.262271477530408,1.1796449155040898,56.21687851602563,150.0,0.04915187147933708,2.621604042205608,Field_1,Operator_2
1,2024-01-02,79.5495499847337,74.77399348115964,1.470827977734337,8.379501520047924,3.063039733387741,64.2135283564852,114.34990545410656,0.12762665555782254,1.7534690782105944,Field_1,Operator_2
1,2024-01-03,134.54489116035293,70.81396470825271,1.2244910866361551,9.421658968838367,2.399327816086994,46.2257185388071,145.70281548806506,0.09997199233695808,3.0852429565118364,Field_1,Operator_2
1,2024-01-04,124.1406955494669,63.59058944509591,1.7255932600637482,8.837351805235365,7.510021876938042,47.679602070206286,122.39888659476198,0.3129175782057518,2.5143773036237413,Field_1,Operator_2
1,2024-01-05,113.48685201469898,75.76685379425632,1.7221415191561287,8.490792879381546,2.08618085861523,48.02524320754998,130.79054227212828,0.08692420244230126,2.6678203658964468,Field_1,Operator_2
1,2024-01-06,113.36081380807549,66.78602231576491,1.869867952614093,8.294412130476035,4.0960507965357875,40.364293690092126,123.00808009514265,0.17066878318899115,2.973774459120196,Field_1,Operator_2
1,2024-01-07,121.49225258673133,80.39743461969505,1.60684047028731,7.46055395755349,7.831684748856671,35.19000689348974,124.63627505154011,0.32632019786902794,3.443941732820202,Field_1,Operator_2
1,2024-01-08,108.74670592627255,64.31646589659279,1.285345004056966,7.730697161486305,1.1799443936504004,28.63337658003632,132.14656499045603,0.04916434973543335,4.459382636789414,Field_1,Operator_2
1,2024-01-09,104.90329215324466,69.8946626571255,1.6689304914107765,8.715076218943915,0.19759122642374036,53.634852181156674,134.61636783559308,0.008232967767655848,2.4639284716875594,Field_1,Operator_2
1,2024-01-10,123.20991786157492,79.18308945167936,2.046888789886959,6.976648386548636,0.3146460348209323,48.31233926702494,137.22578623368827,0.013110251450872178,2.782788005464808,Field_1,Operator_2
1,2024-01-11,151.71715318898825,69.6197446951113,1.5316253361166943,8.42692845249751,0.17751925928885923,43.008539952173855,143.1665295788419,0.007396635803702468,3.2531533591986395,Field_1,Operator_2
1,2024-01-12,131.75556671666783,73.65576782026756,0.9480427595904221,7.908095362993484,4.023671290759667,42.36556312648658,132.90277501513128,0.16765297044831948,3.064707695077933,Field_1,Operator_2
1,2024-01-13,127.15345785708136,66.11248558297915,1.9470711508521241,9.09676810632299,1.642128801495757,46.99893026492388,142.4366404960756,0.06842203339565654,2.9674961443914483,Field_1,Operator_2
1,2024-01-14,137.55792299670907,66.63153940846979,0.9009858364897374,6.939423294944307,4.119267792169272,51.00817678266769,136.54234679509884,0.171636158007053,2.6254015280267065,Field_1,Operator_2
1,2024-01-15,127.90070140321723,72.87832489411453,0.9583657248331309,9.494682298348827,0.480794097506028,68.33396555216493,150.0,0.0200330873960845,2.163441811029029,Field_1,Operator_2
1,2024-01-16,116.6386398002569,77.88740919102892,2.0793341644612267,8.643134163854654,5.145586537176249,57.4020988790617,123.0778304991155,0.21439943904901038,2.107421357475242,Field_1,Operator_2
1,2024-01-17,104.17610811863963,76.23978700927957,1.2705893077379935,8.067093843367786,2.5577419254787683,41.64595314868123,136.64215258454033,0.10657258022828202,3.2041059583813243,Field_1,Operator_2
1,2024-01-18,141.65362505339567,71.60798849114168,2.349624813683148,8.67471673853455,0.3569321674160951,75.53822024761693,150.0,0.014872173642337297,1.9598051733463235,Field_1,Operator_2
1,2024-01-19,152.0029085358505,67.5798436803024,1.5649837950203012,9.39248275515459,0.8396046923010272,60.458213942697384,150.0,0.03498352884587613,2.4406827074385453,Field_1,Operator_2
1,2024-01-20,111.34689849503198,73.49513265410866,1.3208897453080695,7.7635497325331,0.19590620628762273,56.053190337617615,131.26190107399736,0.008162758595317614,2.3006934458396233,Field_1,Operator_2
1,2024-01-21,93.8102244255858,76.74272592716436,0.6452210218005929,8.750762867707605,0.394270690715301,55.21271981230726,126.87642769614705,0.016427945446470877,2.257076834563138,Field_1,Operator_2
1,2024-01-22,116.54869573375704,66.59125944946652,0.7375156434708825,7.783892639318441,0.17583424379737317,35.424058130091076,136.67859898711856,0.007326426824890549,3.7524264457013925,Field_1,Operator_2
1,2024-01-23,111.0706868711067,77.46453910922448,1.5128741478113572,8.38294000973729,1.3641993352935635,47.76282685476554,130.94006729564,0.05684163897056515,2.685243570591793,Field_1,Operator_2
1,2024-01-24,116.32651028210952,74.17628871752713,0.9970170123525421,7.4014176426050815,1.2720800377895902,56.0068140339213,133.96656484995714,0.053003334907899595,2.3500096807767883,Field_1,Operator_2
1,2024-01-25,100.66098683107533,80.92643213102447,1.5451828550352658,9.22328995015888,2.4520363237262575,49.37509762879702,121.59966719322661,0.10216818015526073,2.4138844968454003,Field_1,Operator_2
1,2024-01-26,117.95034162376176,71.87443242049665,1.1907996091124882,8.100144353099104,0.5480595096164619,39.001017686939356,139.2617317106735,0.022835812900685912,3.4814547169919514,Field_1,Operator_2
1,2024-01-27,140.50513752417103,68.30605232201968,1.9770839104421587,9.351683992557602,0.2687659650996545,51.86934668285529,146.47884954097054,0.011198581879152271,2.7705817970410322,Field_1,Operator_2
1,2024-01-28,124.76947922572661,74.89346345189469,1.527186059235989,8.079235850401679,2.2964960840278534,52.45265036141707,123.46629244168348,0.09568733683449389,2.3098254549937773,Field_1,Operator_2
1,2024-01-29,112.37795747469268,73.4935622506811,0.9144482209096748,8.81661624239786,0.8383350138378122,35.53204316852202,137.2980398313442,0.03493062557657551,3.7582907476044918,Field_1,Operator_2
1,2024-01-30,125.41924277445318,78.3040970038452,1.7429915763307207,7.847189078359516,6.436388581342299,82.94689481399759,130.33257187746486,0.26818285755592913,1.5525597720588085,Field_1,Operator_2
2,2024-01-01,80.06769526324672,64.28983607586291,2.278833004031127,9.010525672222931,2.2234895111661297,53.921769469256404,119.33171054151555,0.09264539629858874,2.1727579372386017,Field_2,Operator_3
2,2024-01-02,138.38844860820208,75.13702144367151,1.807166000220714,8.848912757289055,1.2348967932649353,38.445161683932454,146.0467443143925,0.051454033052705635,3.702526192810182,Field_2,Operator_3
2,2024-01-03,117.92841167442994,70.68448146918475,1.4149664475926103,7.1882185581196785,1.8321615855793807,56.94457372432508,131.652640463734,0.07634006606580752,2.2720443348169175,Field_2,Operator_3
2,2024-01-04,134.68454812676984,70.56603590303548,1.4047050387343067,9.45784717582073,2.4217969475178394,63.827313160323634,148.90792316028833,0.10090820614657664,2.2969935957707515,Field_2,Operator_3
2,2024-01-05,105.59058742440816,65.7967318609063,1.4481320674964153,8.296297394485862,0.31880709199269186,64.4438847479094,139.00869266678862,0.013283628833028827,2.124089870310293,Field_2,Operator_3
2,2024-01-06,113.20338933610351,76.14756033893497,1.4157899799838745,8.68729836276364,0.8591709115079078,64.00554013497815,138.66032080913155,0.035798787979496156,2.133053898501818,Field_2,Operator_3
2,2024-01-07,131.16799511396502,79.8465928228896,3.034221938870747,8.889310444102039,3.0366847736024827,47.141632591875485,142.93187084001215,0.12652853223343677,2.9689867822250324,Field_2,Operator_3
2,2024-01-08,111.59573956945604,73.13961745960098,0.8056930885502276,9.449997311567262,4.513096858912871,54.292649662225614,119.798317147413,0.18804570245470295,2.1666228310497453,Field_2,Operator_3
2,2024-01-09,133.54929577556544,75.69267396473963,1.5481889172049466,8.94407419774007,0.44675361317837853,49.475920334918655,150.0,0.018614733882432438,2.971714017391214,Field_2,Operator_3
2,2024-01-10,136.75049666379994,83.50149716837012,1.2818387258309345,8.625279569772337,5.656088113730932,64.04301652177224,145.26502454666206,0.23567033807212215,2.23336850464241,Field_2,Operator_3
2,2024-01-11,111.85596830322956,68.23904254242375,1.399796836934598,7.6311246021970245,0.24044171590993918,55.04570796097693,133.24898790720235,0.0100184048295808,2.377505660201133,Field_2,Operator_3
2,2024-01-12,97.43238900694092,78.78421611123139,1.5268872004795366,8.170025640146275,4.078382722014546,50.59200233335673,122.23586527896502,0.16993261341727275,2.3692793408007273,Field_2,Operator_3
2,2024-01-13,127.84562121737942,82.73853492047942,1.763913877795646,8.926820024335903,0.5679253423569769,32.300252364338185,150.0,0.023663555931540705,4.504470367336843,Field_2,Operator_3
2,2024-01-14,105.93930393587269,67.74412325976783,2.4073054634999687,6.921747523753083,0.7508725192395352,63.474471590619004,128.24855314262336,0.031286354968313966,1.9891369402286572,Field_2,Operator_3
2,2024-01-15,118.81323202560812,79.08781664993471,0.9460663017844676,9.00490799759957,0.31682098256822744,45.61789903213049,143.56286581553962,0.013200874273676144,3.079565334263384,Field_2,Operator_3
2,2024-01-16,122.44000643894594,72.24866588838846,1.522824437374295,9.277788755382064,2.476693194186121,64.83258441131773,140.11750766283026,0.10319554975775504,2.1283914176509486,Field_2,Operator_3
2,2024-01-17,111.2146095762733,76.26511535140246,1.705634037179407,8.904261436895053,0.6521833004791705,68.6533551958693,137.13198191049685,0.027174304186632105,1.9687778359689023,Field_2,Operator_3
2,2024-01-18,98.37494462272119,81.25959892473949,1.5064026347077988,9.178873185427733,4.77833019751002,55.685965744558196,131.83360581576918,0.19909709156291752,2.3256833342109036,Field_2,Operator_3
2,2024-01-19,104.1697599786885,74.13992005538118,1.14169561373837,9.140666346190212,0.7354797164423353,39.42193140840903,144.14025511926255,0.030644988185097307,3.5658923286697988,Field_2,Operator_3
2,2024-01-20,125.25444269952429,77.4854559068661,1.3100822192249932,8.934298799291659,1.548474332526817,57.93326347974165,150.0,0.06451976385528405,2.5452518856615263,Field_2,Operator_3
2,2024-01-21,119.3810955489879,76.68544760461064,1.5914147560566108,7.924893482427034,1.8089319372250439,63.66865005397092,139.05612088799336,0.0753721640510435,2.150286433564647,Field_2,Operator_3
2,2024-01-22,105.63949391048138,74.03187438807909,1.8263941390690777,7.65032713563148,1.4320006045547689,34.21134861042459,133.52492052631052,0.059666691856448704,3.792099019086689,Field_2,Operator_3
2,2024-01-23,118.31406688623535,75.02246487074999,1.6841591499846196,7.5381271175918645,1.3115413025794034,42.61411455886005,136.05741068747358,0.05464755427414181,3.11957291953859,Field_2,Operator_3
2,2024-01-24,115.65893677046822,71.66262482579936,1.2192781921846965,7.152259875410025,0.22046835944448795,70.61013719846369,127.7137863606416,0.00918618164352033,1.7834595960441975,Field_2,Operator_3
2,2024-01-25,123.25579623173118,78.76823520877745,1.9701170972135942,6.851453922354514,3.2121185878471388,61.60052643625538,128.5710109192823,0.13383827449363078,2.053832742927539,Field_2,Operator_3
2,2024-01-26,141.04012047648814,77.0136656220465,2.3161932318134415,7.424675717308249,0.548347780833236,24.895913897688576,141.53002222037875,0.02284782420138483,5.465341859705962,Field_2,Operator_3
2,2024-01-27,121.33100954448541,80.25107607996517,1.2423623886940258,8.527450722321568,2.115179195802474,53.26817312283926,141.48047316556713,0.08813246649176976,2.6070616537121603,Field_2,Operator_3
2,2024-01-28,124.4621906371612,81.74453905509,1.9651661253432007,9.852267197114609,1.8276710310308548,69.01574758888393,150.0,0.07615295962628561,2.142375182234215,Field_2,Operator_3
2,2024-01-29,124.80711904278526,77.21306194042207,1.3228947671092652,9.42460392818986,1.2978760838794359,59.64636330967385,145.39842039887043,0.05407817016164316,2.3974796255536988,Field_2,Operator_3
2,2024-01-30,108.15568773021509,72.7827067974232,1.086250830703081,8.068515671892099,0.1814546663652625,31.88996723891105,134.55706097099815,0.0075606110985526045,4.091127850434829,Field_2,Operator_3
3,2024-01-01,127.96246695962814,83.38365579332203,2.457299328912679,8.207489071004945,2.160048644923593,44.158013401660725,150.0,0.09000202687181637,3.3216695930756694,Field_3,Operator_1
3,2024-01-02,122.71174288016577,71.21304090645529,1.8835563816432437,8.132153470253169,0.26490269602283895,62.02521573689993,145.36917999576835,0.011037612334284956,2.3065241157224277,Field_3,Operator_1
3,2024-01-03,129.53660186199207,81.1794565185627,2.4000885617266468,9.19022379176922,1.52267486709571,51.5604743669636,150.0,0.06344478612898792,2.853855521788843,Field_3,Operator_1
3,2024-01-04,145.5595689247481,74.54604233410105,1.1952083973656809,8.657935101009562,0.011378406190916457,62.582354972427794,150.0,0.0004741002579548524,2.3591450814466817,Field_3,Operator_1
3,2024-01-05,120.5166944484465,75.6189203505766,1.4979431859935535,9.952093345422119,0.40899078459061516,62.17100987289673,149.88409160747102,0.017041282691275632,2.372672083429494,Field_3,Operator_1
3,2024-01-06,104.80280911564468,63.98276276544071,0.5436138261988936,9.685739698464825,2.4169596491258725,51.95056181810298,133.09287146312806,0.10070665204691136,2.513530865268849,Field_3,Operator_1
3,2024-01-07,122.09188918634754,67.59926356974803,1.6103188232792378,7.811054349102456,2.3469436148611114,52.643694721479804,124.0955265859332,0.09778931728587964,2.3133292221992185,Field_3,Operator_1
3,2024-01-08,115.02009053476307,76.65839407881091,1.4240962912874295,8.723248309230653,6.048897943445111,70.63841272112802,129.43039550636914,0.2520374143102129,1.8067178011077953,Field_3,Operator_1
3,2024-01-09,160.91218742803113,71.98584696605384,0.5322091253778752,8.557070590143406,2.0444126986449667,38.11491095610582,150.0,0.08518386244354027,3.8348546969294603,Field_3,Operator_1
3,2024-01-10,127.78679648677759,80.09545511995367,1.370766280980553,8.698663001151015,1.1115018520989235,68.37085099611616,144.607213390024,0.04631257717078848,2.0845529687695494,Field_3,Operator_1
3,2024-01-11,120.50707786895786,73.7262311488126,1.0775747733091507,9.037089966761762,9.805660648913522,42.61595314347583,130.85698067794058,0.40856919370473005,3.0002091264057236,Field_3,Operator_1
3,2024-01-12,107.3032974619961,70.44445205992268,1.795739180800021,7.694904687343605,1.9260843860522616,57.01942216300902,115.5840614084549,0.0802535160855109,1.9921615400393786,Field_3,Operator_1
3,2024-01-13,109.77760544159635,77.85135611743743,2.0663586001078715,9.219228950331972,1.7187614177756168,37.77303055594455,145.53020285960906,0.07161505907398404,3.753387361599901,Field_3,Operator_1
3,2024-01-14,124.25468977182189,67.92642619846112,2.3222679777817685,7.622357369865687,1.6387351632735347,59.83343896459031,125.62973962071936,0.06828063180306394,2.06514281880144,Field_3,Operator_1
3,2024-01-15,130.24475111264871,77.71275149533972,1.7344839330647945,7.9783214559138305,4.618511076729282,43.15300345270606,145.90113071951714,0.19243796153038675,3.3044440765121976,Field_3,Operator_1
3,2024-01-16,102.72572754068003,83.68526080559333,1.6703288519190624,8.515329060698924,2.2844491149985644,44.40269757084403,129.95261292668533,0.09518537979160685,2.8622222880901287,Field_3,Operator_1
3,2024-01-17,120.47625980224828,77.04458091781481,2.0254707416166857,9.066278395464261,0.12224241992747568,51.2868834308492,150.0,0.00509343416364482,2.8687883109036134,Field_3,Operator_1
3,2024-01-18,130.07088080046358,71.6586666753174,1.3128530731958838,9.085110292061954,1.678531559053598,69.36919273576898,150.0,0.06993881496056659,2.131614619528729,Field_3,Operator_1
3,2024-01-19,108.16309898266364,77.18711268089947,0.8064312006691651,7.476880773898833,0.8158584107042784,42.58805836193848,126.23416618665001,0.0339941004460116,2.896072248468836,Field_3,Operator_1
3,2024-01-20,128.0966756163863,84.11030388913684,1.143490287085676,8.773125993717803,0.3296330311000839,59.00307858259542,145.3380495774128,0.013734709629170163,2.4221765451142994,Field_3,Operator_1
3,2024-01-21,135.6945377963401,74.11701602008986,1.3522180148547764,8.958215188610556,3.1050657304992,58.28120477385845,148.58037633469783,0.1293777387708,2.5063656668499106,Field_3,Operator_1
3,2024-01-22,130.1673817381872,84.09340264793087,1.2264711630317597,7.402153244414936,2.736452756036577,54.2063695934952,136.61334133721016,0.11401886483485736,2.474593825733234,Field_3,Operator_1
3,2024-01-23,110.52288013608282,70.96918807630085,1.9774018015231973,9.598083202068679,2.163729927469156,52.5587877772475,140.22013696476736,0.09015541364454817,2.6180603180928372,Field_3,Operator_1
3,2024-01-24,142.02109237069521,76.42264449291417,0.441157447264521,7.834699016078796,0.44343625227769656,29.319158858317227,150.0,0.01847651051157069,4.947366801993309,Field_3,Operator_1
3,2024-01-25,121.51314836936334,70.34517222321014,1.469222872874145,8.97568802375316,1.6920609936705606,48.8426436523077,138.00184757885341,0.07050254140294003,2.768750561096371,Field_3,Operator_1
3,2024-01-26,129.25340361976785,77.05690707656916,1.094303404779272,7.765557856424838,0.5395377531391442,62.57814484308116,140.29710321100598,0.022480739714131007,2.206687589851463,Field_3,Operator_1
3,2024-01-27,149.25051233905666,76.74456627367275,2.7130322164418517,9.224618911601567,5.7115936422912865,53.67441753301358,147.00283141838176,0.2379830684288036,2.6886949701772003,Field_3,Operator_1
3,2024-01-28,114.73634929522782,77.02100918962836,1.4771461689862866,9.012273084214405,10.577336422744123,60.49646135522322,114.81476150675412,0.4407223509476718,1.867014117178993,Field_3,Operator_1
3,2024-01-29,118.71058590298178,80.78417100952579,0.9280253535274715,7.86190101339041,3.8398925285926255,41.63918964132959,127.76480692367419,0.15999552202469272,2.9964173334062028,Field_3,Operator_1
3,2024-01-30,117.18701276967391,74.75774121928754,0.9926194885880419,8.175777241605338,0.016927538585708172,43.47721147999137,141.37081202642958,0.0007053141077378405,3.1784998951660226,Field_3,Operator_1
4,2024-01-01,141.96807524176847,71.35136077881586,1.5799784973945108,8.321561000869679,2.6817537952751986,56.07770989867822,142.01340206524551,0.11173974146979994,2.4880711282450068,Field_4,Operator_2
4,2024-01-02,106.57291895906873,78.1253228228302,1.4263034436199329,9.115468394614396,3.774227571329167,48.435445172297236,131.93777933986289,0.1572594821387153,2.6688902846939166,Field_4,Operator_2
4,2024-01-03,126.90779955770793,75.71980170899612,2.1110780080206495,8.658770238380525,1.4232208725244695,51.67930977415731,143.9770563875538,0.05930086968851956,2.733085475204614,Field_4,Operator_2
4,2024-01-04,115.30944438540195,82.51081282147813,1.8019408791814868,7.8883096078933415,0.9759251363455334,48.406054018777134,140.71839559721354,0.040663547347730554,2.8482014682599925,Field_4,Operator_2
4,2024-01-05,144.55154799609605,87.93974056922652,1.8170868564003095,7.2409625260429085,0.337896631778593,50.98181745509592,150.0,0.014079026324108042,2.885624384518227,Field_4,Operator_2
4,2024-01-06,96.52434227260031,80.57758760411342,1.338149700110382,9.358459569657924,1.0891631222998093,54.290140726255466,135.62853963343673,0.04538179676249205,2.4530329974188545,Field_4,Operator_2
4,2024-01-07,103.02776527729031,78.81414800358206,1.7714084886625199,8.35224688135405,0.9935229636806737,55.255627043609444,128.56858281647803,0.0413967901533614,2.285435067976604,Field_4,Operator_2
4,2024-01-08,123.65056296416927,75.4958493008248,1.7110021428681608,7.60133677699826,0.6324164626645933,49.901764658027844,142.9637881955538,0.026350685944358052,2.808621452635761,Field_4,Operator_2
4,2024-01-09,127.30721044761114,78.57150583772003,1.8098876217918232,7.746296400907845,3.363776219007803,56.101303475267734,136.838578060619,0.14015734245865846,2.396417765137145,Field_4,Operator_2
4,2024-01-10,139.84829085063788,79.80774047215158,1.1712543883999802,7.3853112535478544,0.0976502198205483,41.174301788970055,142.3636269252483,0.004068759159189513,3.375601275810119,Field_4,Operator_2
4,2024-01-11,141.7814019975192,71.30065911229184,0.839400980506759,8.72065935387426,0.3452981646725064,43.92087091491153,150.0,0.0143874235280211,3.3392050720505364,Field_4,Operator_2
4,2024-01-12,138.51690916528963,69.90689531956684,1.2005833223696931,9.90384538834868,7.083644931260506,62.03101025570719,142.7150825391946,0.2951518721358544,2.2642042696161986,Field_4,Operator_2
4,2024-01-13,114.91112598920466,76.48339753665834,1.8620342672002856,8.278299754091766,1.568794334240258,33.01526107892245,139.23837225658187,0.06536643059334409,4.093408894716992,Field_4,Operator_2
4,2024-01-14,109.16793072735288,77.62568972966531,1.1163659403504427,7.761574638593887,0.9964474898703095,48.94455948541138,131.27956380993567,0.0415186454112629,2.628505790471171,Field_4,Operator_2
4,2024-01-15,149.939821646289,76.00156639070504,1.8271286428750273,8.54365490178715,0.00722835874114919,43.55784025175824,150.0,0.0003011816142145496,3.366410920109195,Field_4,Operator_2
4,2024-01-16,121.55932571590662,86.7742852887851,2.5020263610832267,6.891078070448651,1.507197761133658,68.13284581875128,134.8602307373632,0.06279990671390241,1.9507403339207587,Field_4,Operator_2
4,2024-01-17,100.46253473560348,73.47101458801697,1.2262984860434702,8.350800844258995,0.4325603476067251,53.75483376430749,124.11390108332253,0.01802334781694688,2.266720443670262,Field_4,Operator_2
4,2024-01-18,128.96797378045324,81.9822572074995,1.4746689784174298,8.471357485770442,4.896123958193846,43.96037844904849,139.6817828752534,0.2040051649247436,3.1067750693768796,Field_4,Operator_2
4,2024-01-19,138.00776619043782,76.87655065132145,0.9382009000666843,7.235625721725794,5.936543428972218,62.000016012321346,129.2450422128141,0.24735597620717575,2.0515080851334506,Field_4,Operator_2
4,2024-01-20,117.97586517329297,71.36102053916588,1.2935365766244595,8.583484392495704,1.7342191687564266,53.53050477316767,127.97056276370483,0.07225913203151778,2.3467701847989155,Field_4,Operator_2
4,2024-01-21,136.487918295094,70.08682188027826,1.1208851477419792,9.393627651539386,2.728894187146098,44.991973202996554,142.53165569104632,0.11370392446442075,3.099055025579112,Field_4,Operator_2
4,2024-01-22,112.79257835951968,87.68525415038644,0.9763083341744809,9.168431037368594,0.521908510926961,54.61326681821757,147.46315484272787,0.02174618795529004,2.651582316225712,Field_4,Operator_2
4,2024-01-23,143.63519077410467,68.17153603355557,1.768659888680628,8.797517013820256,1.3053248213661333,38.70333958016244,142.4031012029035,0.054388534223588886,3.5866781663387948,Field_4,Operator_2
4,2024-01-24,121.10045301945081,74.22848078626615,1.6829343216175408,7.242094920584038,3.518552274669063,40.05772412385941,132.60315272469558,0.14660634477787762,3.2296761584901734,Field_4,Operator_2
4,2024-01-25,139.61664491554004,75.07619094616152,1.3739668729519128,8.07759897973667,2.1233222420205173,47.194429622259776,141.89450442969718,0.08847176008418822,2.9442096429368205,Field_4,Operator_2
4,2024-01-26,108.24728842296776,73.72609393074849,2.0278248383490447,7.623759416853589,1.772222718259595,66.30041761382202,131.12343268043924,0.07384261326081647,1.948330149046644,Field_4,Operator_2
4,2024-01-27,123.51733871546021,68.18487184477166,1.0649279823375202,8.632691726817622,1.165925358849419,69.8420445127317,136.2687004105965,0.04858022328539246,1.9235568559304685,Field_4,Operator_2
4,2024-01-28,144.6237164735958,64.66807306609246,0.9913907976948808,8.06836425822072,4.044982525772007,58.55410675859885,139.982720482649,0.16854093857383365,2.350513308008558,Field_4,Operator_2
4,2024-01-29,136.71113883477406,66.4369804333944,2.235641069721371,8.063495456625443,1.5980849100056993,69.69930801608177,133.65170793378064,0.06658687125023748,1.890424555546983,Field_4,Operator_2
4,2024-01-30,130.18993613732263,83.26626833234769,1.7797475494633368,8.276569246059202,0.5122139004681419,51.66842399039288,145.3124318704468,0.021342245852839243,2.759004748214089,Field_4,Operator_2
5,2024-01-01,133.83034278811576,69.30317934447528,2.0531043914233273,7.978293169652997,4.396475674356665,54.4543741640651,137.95385641811015,0.1831864864315277,2.4877001769051685,Field_5,Operator_3
5,2024-01-02,118.63196268862701,80.40856971918515,0.9298595933141672,8.687080181191897,0.9892935629109461,53.05841148278613,131.85942554685013,0.04122056512128942,2.4392027425526233,Field_5,Operator_3
5,2024-01-03,130.09371962228937,66.91319732949847,1.8992004919950913,8.101105552749916,3.2196595992708894,62.512541814265134,132.73398319835914,0.13415248330295373,2.0898861769148502,Field_5,Operator_3
5,2024-01-04,131.0580615574158,82.06183765925279,2.0265543423916785,8.87408668079281,1.0184259494461374,49.39321678929355,146.45067442116695,0.04243441456025573,2.9061584822717967,Field_5,Operator_3
5,2024-01-05,140.4812671680592,71.78797213388111,1.7106194569152213,8.016624113982576,5.863103696510191,58.677127794022255,132.21404918348043,0.24429598735459127,2.215489486019199,Field_5,Operator_3
5,2024-01-06,126.85215399931562,69.83839804653614,1.735476827592174,8.142437272897759,0.421482684300428,61.52194689592349,137.26694320582703,0.017561778512517834,2.195500140683831,Field_5,Operator_3
5,2024-01-07,106.76507557782055,77.20173302967929,0.912604177913994,8.93491753516232,9.00710377632809,50.90523021480046,125.07551241060378,0.3752959906803371,2.40968996559694,Field_5,Operator_3
5,2024-01-08,100.1951572304183,72.15588925776866,1.384956684633921,8.261670953634136,1.944187306443462,62.16441452596395,126.9531093640966,0.08100780443514426,2.0098834180108183,Field_5,Operator_3
5,2024-01-09,107.31059889733181,80.05717132550714,1.0952810530809387,8.821851090228506,0.9923712233208571,49.3690376498514,137.9016976311832,0.04134880097170238,2.7378267297824785,Field_5,Operator_3
5,2024-01-10,140.4489082084833,71.41838496780517,1.7679792242283239,8.121337410206777,3.128917335366063,49.59008894407411,147.99584250906616,0.13037155564025263,2.925392020414736,Field_5,Operator_3
5,2024-01-11,131.1811451320289,73.43212713864656,1.5674395001049377,7.153170166833692,1.0063704911344489,37.24444776127197,135.89399314909858,0.0419321037972687,3.5532999194385253,Field_5,Operator_3
5,2024-01-12,114.41908171907637,74.12357899190793,1.5844333994907256,9.625519714556459,1.4330943120730406,38.71082758689346,139.7239500488222,0.05971226300304336,3.518535335056528,Field_5,Operator_3
5,2024-01-13,110.25449253974043,81.1172282258062,1.7573531339719095,9.25654580095984,6.316792288850014,50.81032849027139,124.73913408997204,0.2631996787020839,2.407611333971657,Field_5,Operator_3
5,2024-01-14,124.10479901414361,69.45390937196419,0.8642692970565741,7.09963935084179,3.050085197653917,58.41866146533941,127.66003979639824,0.12708688323557987,2.1484839383476513,Field_5,Operator_3
5,2024-01-15,119.59736884436057,82.02186652886864,1.6069124306354197,7.150992046752758,1.8281281994453016,53.39191952699377,130.37540765178127,0.0761720083102209,2.3969627986208173,Field_5,Operator_3
5,2024-01-16,136.82484764678304,75.20988029447201,1.0054856240560568,7.948009140027514,0.40758824117042275,54.112092642394835,148.67118974696476,0.01698284338210095,2.697614672548286,Field_5,Operator_3
5,2024-01-17,123.41040924369833,77.61140786086315,1.5360052999013682,8.756012121300445,0.2677595454942692,35.652727352527876,134.80211602462848,0.011156647728927884,3.6778195174425785,Field_5,Operator_3
5,2024-01-18,128.87658504716845,78.9706427250963,1.335732359338461,8.767460878231269,2.1570036014655436,62.15585015857894,146.00982073891134,0.08987515006106432,2.311897003560132,Field_5,Operator_3
5,2024-01-19,144.80803199981722,84.16584728354708,1.8332089795056106,8.708414116194726,0.27098758396788786,49.61071648834468,150.0,0.011291149331995327,2.963799179459236,Field_5,Operator_3
5,2024-01-20,127.42229843034602,65.80480843491118,1.153200368994804,8.779428945657601,0.08586002075331067,35.94572918447955,147.92498339448045,0.003577500864721278,4.00384527954105,Field_5,Operator_3
5,2024-01-21,127.64680771021054,79.20618564757108,0.9456194954267766,9.23400335198351,2.7260042003249003,18.84416588418683,150.0,0.11358350834687085,7.558896699182006,Field_5,Operator_3
5,2024-01-22,123.48151020219886,71.3962628082205,1.5163951578717487,9.567762453079014,1.3770903307702023,56.46729544130538,145.78855749319513,0.05737876378209176,2.536896096704208,Field_5,Operator_3
5,2024-01-23,126.0496999836381,76.02733445770816,1.488479099328791,8.962849981494823,1.057124896488411,47.879366148749014,142.7193091162567,0.044046870687017126,2.9198273292238546,Field_5,Operator_3
5,2024-01-24,138.46748486515966,76.11560843069341,2.5538597058153503,9.711659683381253,1.414311938908046,54.879578743332665,150.0,0.05892966412116859,2.6843437866449094,Field_5,Operator_3
5,2024-01-25,125.00938072608469,76.02057713072979,1.7131797752951976,7.768835806467745,2.925325633419831,37.19708209603861,138.97980920581415,0.12188856805915964,3.638492826660904,Field_5,Operator_3
5,2024-01-26,138.9257170423806,78.7972668691766,1.5398983668382018,8.725080605661285,0.057641994896577176,60.37786921041729,150.0,0.0024017497873573823,2.443877604902932,Field_5,Operator_3
5,2024-01-27,105.96620832785419,70.50451204533047,0.4938017344076153,9.090858417620808,3.8388275891538854,43.94035483131454,131.07426849729228,0.15995114954807857,2.9166273606268778,Field_5,Operator_3
5,2024-01-28,110.33376438986215,77.55479731331928,0.613344788613474,9.19591359130332,1.0838897096233957,53.0709168673893,140.52766481889108,0.045162071234308154,2.5989510250684265,Field_5,Operator_3
5,2024-01-29,108.77700428842758,80.1931625283719,1.472738277950337,8.988379403109349,0.5427081176655635,34.30134431599542,141.69644674659796,0.022612838236065146,4.013910787028974,Field_5,Operator_3
5,2024-01-30,103.376710655584,75.50282797908886,1.5032644196077098,7.804336961711564,1.7253290317192187,45.909948034298495,131.25031559677038,0.07188870965496745,2.7979207203727,Field_5,Operator_3
